{
    "args": {
        "block_size": 1,
        "blocks": 9216,
        "cores": 12,
        "generate": true,
        "json": "report-64-9216-1-1-12.json",
        "lazy": false,
        "multiplier": 1048576,
        "nodes": 64,
        "nparts": 1
    },
    "experiment": {
        "id": "simplemap-spark-python"
    },
    "performance": {
        "average": 3.150747060775757,
        "map": 10.367305517196655,
        "overall": 20.33359718322754,
        "reduce": 1.0950720310211182,
        "shift": 5.720447301864624
    }
}
