{
    "args": {
        "block_size": 1,
        "blocks": 6144,
        "cores": 12,
        "generate": true,
        "json": "report-8-6144-1-1-12-lazy.json",
        "lazy": true,
        "multiplier": 1048576,
        "nodes": 8,
        "nparts": 1
    },
    "experiment": {
        "id": "simplemap-spark-python"
    },
    "performance": {
        "average": 5.0067901611328125e-06,
        "map": 0.28330206871032715,
        "overall": 10.214276552200317,
        "reduce": 9.930892705917358,
        "shift": 6.437301635742188e-05
    }
}
