{
    "args": {
        "block_size": 1,
        "blocks": 9216,
        "cores": 12,
        "generate": true,
        "json": "report-8-9216-1-1-12-lazy.json",
        "lazy": true,
        "multiplier": 1048576,
        "nodes": 8,
        "nparts": 1
    },
    "experiment": {
        "id": "simplemap-spark-python"
    },
    "performance": {
        "average": 5.4836273193359375e-06,
        "map": 0.2842214107513428,
        "overall": 13.567523002624512,
        "reduce": 13.283215522766113,
        "shift": 6.604194641113281e-05
    }
}
