{
    "args": {
        "block_size": 1,
        "blocks": 6144,
        "cores": 12,
        "generate": true,
        "json": "report-8-6144-1-1-12.json",
        "lazy": false,
        "multiplier": 1048576,
        "nodes": 8,
        "nparts": 1
    },
    "experiment": {
        "id": "simplemap-spark-python"
    },
    "performance": {
        "average": 16.247090101242065,
        "map": 26.92496633529663,
        "overall": 79.29193377494812,
        "reduce": 0.15611839294433594,
        "shift": 35.96373248100281
    }
}
