{
    "args": {
        "block_size": 1,
        "blocks": 9216,
        "cores": 12,
        "generate": true,
        "json": "report-1-9216-1-1-12-lazy.json",
        "lazy": true,
        "multiplier": 1048576,
        "nodes": 1,
        "nparts": 1
    },
    "experiment": {
        "id": "simplemap-spark-python"
    },
    "performance": {
        "average": 4.76837158203125e-06,
        "map": 0.2714259624481201,
        "overall": 90.41748881340027,
        "reduce": 90.14598488807678,
        "shift": 6.175041198730469e-05
    }
}
