{
    "args": {
        "block_size": 1,
        "blocks": 9216,
        "cores": 12,
        "generate": true,
        "json": "report-96-9216-1-1-12-lazy.json",
        "lazy": true,
        "multiplier": 1048576,
        "nodes": 96,
        "nparts": 1
    },
    "experiment": {
        "id": "simplemap-spark-python"
    },
    "performance": {
        "average": 4.5299530029296875e-06,
        "map": 0.2790217399597168,
        "overall": 4.815520763397217,
        "reduce": 4.536445379257202,
        "shift": 3.719329833984375e-05
    }
}
