{
    "args": {
        "block_size": 1,
        "blocks": 9216,
        "cores": 12,
        "generate": true,
        "json": "report-32-9216-1-1-12.json",
        "lazy": false,
        "multiplier": 1048576,
        "nodes": 32,
        "nparts": 1
    },
    "experiment": {
        "id": "simplemap-spark-python"
    },
    "performance": {
        "average": 3.091151714324951,
        "map": 11.96536636352539,
        "overall": 25.97125267982483,
        "reduce": 0.30229711532592773,
        "shift": 10.61241364479065
    }
}
