{
    "args": {
        "block_size": 1,
        "blocks": 9216,
        "cores": 12,
        "generate": true,
        "json": "report-96-9216-1-1-12.json",
        "lazy": false,
        "multiplier": 1048576,
        "nodes": 96,
        "nparts": 1
    },
    "experiment": {
        "id": "simplemap-spark-python"
    },
    "performance": {
        "average": 2.361379384994507,
        "map": 7.07757043838501,
        "overall": 14.280824422836304,
        "reduce": 0.8086602687835693,
        "shift": 4.0331878662109375
    }
}
