{
    "args": {
        "block_size": 1,
        "blocks": 9216,
        "cores": 12,
        "generate": true,
        "json": "report-16-9216-1-1-12-lazy.json",
        "lazy": true,
        "multiplier": 1048576,
        "nodes": 16,
        "nparts": 1
    },
    "experiment": {
        "id": "simplemap-spark-python"
    },
    "performance": {
        "average": 5.4836273193359375e-06,
        "map": 0.2890048027038574,
        "overall": 8.079094886779785,
        "reduce": 7.790032386779785,
        "shift": 3.814697265625e-05
    }
}
