{
    "args": {
        "block_size": 1,
        "blocks": 9216,
        "cores": 12,
        "generate": true,
        "json": "report-32-9216-1-1-12-lazy.json",
        "lazy": true,
        "multiplier": 1048576,
        "nodes": 32,
        "nparts": 1
    },
    "experiment": {
        "id": "simplemap-spark-python"
    },
    "performance": {
        "average": 5.0067901611328125e-06,
        "map": 0.26233911514282227,
        "overall": 5.719084024429321,
        "reduce": 5.456668138504028,
        "shift": 5.9604644775390625e-05
    }
}
