{
    "args": {
        "block_size": 1,
        "blocks": 131072,
        "cores": 256,
        "generate": true,
        "json": "report-512-131072-1-1-256-lazy.json",
        "lazy": true,
        "multiplier": 1048576,
        "nodes": 512,
        "nparts": 1
    },
    "experiment": {
        "id": "simplemap-spark-python"
    },
    "performance": {
        "average": 2.2172927856445312e-05,
        "map": 1.2998130321502686,
        "overall": 197.30568623542786,
        "reduce": 196.00569772720337,
        "shift": 0.00010013580322265625
    }
}
