{
    "args": {
        "block_size": 1,
        "blocks": 524288,
        "cores": 256,
        "generate": true,
        "json": "report-1024-524288-1-1-256-lazy.json",
        "lazy": true,
        "multiplier": 1048576,
        "nodes": 1024,
        "nparts": 1
    },
    "experiment": {
        "id": "simplemap-spark-python"
    },
    "performance": {
        "average": 2.3126602172851562e-05,
        "map": 1.2834444046020508,
        "overall": 368.388206243515,
        "reduce": 367.10458540916443,
        "shift": 9.870529174804688e-05
    }
}
